secteur,nb_offres,part_offres_pct,salaire_median,pct_teletravail,pct_cdi
Autre / Non précisé,744,55.27,52500.0,3.5,35.5
Banque / Assurance / Finance,58,4.31,40000.0,0.0,44.8
Conseil / ESN,370,27.49,47500.0,2.7,77.0
Industrie / Aéronautique,13,0.97,46000.0,0.0,53.8
Recrutement / Intérim,8,0.59,55000.0,0.0,75.0
Retail / E-commerce,3,0.22,,0.0,100.0
Santé / Pharma,58,4.31,49000.0,0.0,74.1
Secteur public / Éducation,28,2.08,41500.0,3.6,32.1
Tech / Éditeur de logiciels,1,0.07,,0.0,0.0
Transport / Logistique,3,0.22,,0.0,100.0
Télécoms / Médias,53,3.94,56750.0,3.8,66.0
Énergie / Utilities,7,0.52,,0.0,85.7
