ville,region,pays,latitude,longitude,nb_offres,part_offres_pct,salaire_median,nb_offres_avec_salaire,pct_teletravail
Aix-en-Provence,Provence-Alpes-Côte d'Azur,France,43.5297,5.4474,28,2.34,47040.0,17,64.3
Bordeaux,Nouvelle-Aquitaine,France,44.8378,-0.5792,45,3.76,47500.0,19,64.4
Boulogne-Billancourt,Île-de-France,France,48.8397,2.2399,24,2.01,50500.0,15,66.7
Clermont-Ferrand,Auvergne-Rhône-Alpes,France,45.7772,3.087,12,1.0,50750.0,6,91.7
Courbevoie,Île-de-France,France,48.8973,2.2522,39,3.26,52500.0,13,46.2
Dijon,Bourgogne-Franche-Comté,France,47.322,5.0415,13,1.09,52000.0,5,53.8
Grenoble,Auvergne-Rhône-Alpes,France,45.1885,5.7245,22,1.84,52000.0,6,59.1
Issy-les-Moulineaux,Île-de-France,France,48.82450000000001,2.2737,11,0.92,36750.0,4,63.6
La Défense,Île-de-France,France,48.891799999999996,2.2362,44,3.68,55500.0,19,65.9
Levallois-Perret,Île-de-France,France,48.895,2.2875,28,2.34,49250.0,10,64.3
Lille,Hauts-de-France,France,50.6292,3.0573,50,4.18,47040.0,23,58.0
Lyon,Auvergne-Rhône-Alpes,France,45.764,4.8357,103,8.61,47000.0,49,66.0
Marseille,Provence-Alpes-Côte d'Azur,France,43.2965,5.369800000000001,24,2.01,50000.0,11,66.7
Massy,Île-de-France,France,48.7309,2.2713,10,0.84,45500.0,6,70.0
Montpellier,Occitanie,France,43.6108,3.8767,32,2.68,47000.0,11,56.3
Nantes,Pays de la Loire,France,47.2184,-1.5536,46,3.85,49750.0,18,56.5
Nice,Provence-Alpes-Côte d'Azur,France,43.71020000000001,7.262,12,1.0,54500.0,6,83.3
Niort,Non précisé,France,,,10,0.84,48000.0,4,80.0
Non précisé,Non précisé,France,,,24,2.01,49500.0,14,50.0
Paris,Île-de-France,France,48.8566,2.3522,351,29.35,52250.0,158,68.4
Puteaux,Île-de-France,France,48.8848,2.2389,38,3.18,53000.0,18,68.4
Rennes,Bretagne,France,48.1173,-1.6778000000000002,42,3.51,46000.0,18,69.0
Rouen,Normandie,France,49.4432,1.0999,5,0.42,35500.0,1,80.0
Saint-Denis,Île-de-France,France,48.9362,2.3574,20,1.67,56500.0,11,80.0
Sophia Antipolis,Provence-Alpes-Côte d'Azur,France,43.6163,7.055200000000001,20,1.67,47000.0,12,60.0
Strasbourg,Grand Est,France,48.5734,7.752100000000001,19,1.59,47000.0,7,78.9
Toulouse,Occitanie,France,43.604699999999994,1.4442,97,8.11,48000.0,36,62.9
Tours,Centre-Val de Loire,France,47.394099999999995,0.6848,13,1.09,46000.0,7,76.9
Villeurbanne,Auvergne-Rhône-Alpes,France,45.7719,4.8902,14,1.17,45250.0,6,71.4
