city,dept_code,region,latitude,longitude
Paris,75,Île-de-France,48.8566,2.3522
La Défense,92,Île-de-France,48.8918,2.2362
Puteaux,92,Île-de-France,48.8848,2.2389
Courbevoie,92,Île-de-France,48.8973,2.2522
Nanterre,92,Île-de-France,48.8924,2.2071
Boulogne-Billancourt,92,Île-de-France,48.8397,2.2399
Issy-les-Moulineaux,92,Île-de-France,48.8245,2.2737
Levallois-Perret,92,Île-de-France,48.8950,2.2875
Neuilly-sur-Seine,92,Île-de-France,48.8846,2.2697
Rueil-Malmaison,92,Île-de-France,48.8778,2.1803
Saint-Denis,93,Île-de-France,48.9362,2.3574
Montreuil,93,Île-de-France,48.8638,2.4485
Massy,91,Île-de-France,48.7309,2.2713
Évry-Courcouronnes,91,Île-de-France,48.6290,2.4410
Saclay,91,Île-de-France,48.7311,2.1690
Versailles,78,Île-de-France,48.8049,2.1204
Guyancourt,78,Île-de-France,48.7733,2.0739
Créteil,94,Île-de-France,48.7904,2.4556
Ivry-sur-Seine,94,Île-de-France,48.8157,2.3849
Cergy,95,Île-de-France,49.0364,2.0761
Lyon,69,Auvergne-Rhône-Alpes,45.7640,4.8357
Villeurbanne,69,Auvergne-Rhône-Alpes,45.7719,4.8902
Grenoble,38,Auvergne-Rhône-Alpes,45.1885,5.7245
Clermont-Ferrand,63,Auvergne-Rhône-Alpes,45.7772,3.0870
Saint-Étienne,42,Auvergne-Rhône-Alpes,45.4397,4.3872
Annecy,74,Auvergne-Rhône-Alpes,45.8992,6.1294
Marseille,13,Provence-Alpes-Côte d'Azur,43.2965,5.3698
Aix-en-Provence,13,Provence-Alpes-Côte d'Azur,43.5297,5.4474
Nice,06,Provence-Alpes-Côte d'Azur,43.7102,7.2620
Sophia Antipolis,06,Provence-Alpes-Côte d'Azur,43.6163,7.0552
Toulon,83,Provence-Alpes-Côte d'Azur,43.1242,5.9280
Toulouse,31,Occitanie,43.6047,1.4442
Montpellier,34,Occitanie,43.6108,3.8767
Bordeaux,33,Nouvelle-Aquitaine,44.8378,-0.5792
Mérignac,33,Nouvelle-Aquitaine,44.8386,-0.6436
Poitiers,86,Nouvelle-Aquitaine,46.5802,0.3404
Limoges,87,Nouvelle-Aquitaine,45.8336,1.2611
Nantes,44,Pays de la Loire,47.2184,-1.5536
Angers,49,Pays de la Loire,47.4784,-0.5632
Le Mans,72,Pays de la Loire,48.0061,0.1996
Rennes,35,Bretagne,48.1173,-1.6778
Brest,29,Bretagne,48.3904,-4.4861
Lille,59,Hauts-de-France,50.6292,3.0573
Amiens,80,Hauts-de-France,49.8941,2.2958
Strasbourg,67,Grand Est,48.5734,7.7521
Reims,51,Grand Est,49.2583,4.0317
Metz,57,Grand Est,49.1193,6.1757
Nancy,54,Grand Est,48.6921,6.1844
Mulhouse,68,Grand Est,47.7508,7.3359
Dijon,21,Bourgogne-Franche-Comté,47.3220,5.0415
Besançon,25,Bourgogne-Franche-Comté,47.2378,6.0241
Rouen,76,Normandie,49.4432,1.0999
Caen,14,Normandie,49.1829,-0.3707
Le Havre,76,Normandie,49.4944,0.1079
Tours,37,Centre-Val de Loire,47.3941,0.6848
Orléans,45,Centre-Val de Loire,47.9030,1.9093
Ajaccio,2A,Corse,41.9192,8.7386
